File Name,Dataset,aid,Date,Orbit Number,Scene ID,Build ID,Orbit Correction Performed,Count,Minimum,Maximum,Range,Mean,Standard Deviation,Variance,Upper Quartile,Upper 1.5 IQR,Median,Lower 1.5 IQR,Lower Quartile
ECO2LSTE_001_SDS_LST_doy2022001085536_aid0001,SDS_LST,aid0001,2022-01-01 08:55:36 UTC,19786,005,0601,True,1940.0,276.96,280.88,"(276.96,280.88)",279.1088969,0.6657217,0.4431854,279.56,280.72,279.16,277.52,278.74
ECO2LSTE_001_SDS_LST_doy2022003152758_aid0001,SDS_LST,aid0001,2022-01-03 15:27:58 UTC,19821,013,0601,True,1952.0,273.64,278.52,"(273.64,278.52)",275.4459836,0.6936092,0.4810937,275.84,277.1,275.44,273.74,275.0
ECO2LSTE_001_SDS_LST_doy2022005071923_aid0001,SDS_LST,aid0001,2022-01-05 07:19:23 UTC,19847,001,0601,True,1931.0,278.0,282.5,"(278.0,282.5)",279.6045676,0.6654495,0.4428231,279.93,281.1,279.52,278.0,279.14
ECO2LSTE_001_SDS_LST_doy2022007135159_aid0001,SDS_LST,aid0001,2022-01-07 13:51:59 UTC,19882,014,0601,True,1964.0,277.76,282.36,"(277.76,282.36)",280.3962933,1.3337718,1.7789472,281.62,282.36,280.75,277.76,279.0
ECO2LSTE_001_SDS_LST_doy2022013040653_aid0001,SDS_LST,aid0001,2022-01-13 04:06:53 UTC,19969,001,0601,True,1959.0,267.16,280.62,"(267.16,280.62)",274.1890148,2.825816,7.9852363,276.3,280.62,274.66,267.16,272.02
ECO2LSTE_001_SDS_LST_doy2022014112806_aid0001,SDS_LST,aid0001,2022-01-14 11:28:06 UTC,19989,015,0601,True,1952.0,272.82,282.02,"(272.82,282.02)",278.5738422,2.0544156,4.2206234,280.18,282.02,279.2,272.84,277.24
ECO2LSTE_001_SDS_LST_doy2022017023206_aid0001,SDS_LST,aid0001,2022-01-17 02:32:06 UTC,20030,002,0601,True,1949.0,232.68,243.6,"(232.68,243.6)",238.5855823,1.6885125,2.8510744,239.74,243.08,238.52,234.08,237.46
ECO2LSTE_001_SDS_LST_doy2022018095255_aid0001,SDS_LST,aid0001,2022-01-18 09:52:55 UTC,20050,015,0601,True,1942.0,266.64,271.26,"(266.64,271.26)",268.9833574,0.7117674,0.5066128,269.4,270.6,269.0,267.4,268.6
ECO2LSTE_001_SDS_LST_doy2022021005701_aid0001,SDS_LST,aid0001,2022-01-21 00:57:01 UTC,20091,001,0601,True,1959.0,287.44,291.54,"(287.44,291.54)",289.4519142,0.5973273,0.3568,289.82,290.96,289.42,287.92,289.06
ECO2LSTE_001_SDS_LST_doy2022022081803_aid0001,SDS_LST,aid0001,2022-01-22 08:18:03 UTC,20111,016,0601,False,1968.0,282.32,285.9,"(282.32,285.9)",284.1827642,0.4814296,0.2317745,284.48,285.4,284.14,282.94,283.86
ECO2LSTE_001_SDS_LST_doy2022028214621_aid0001,SDS_LST,aid0001,2022-01-28 21:46:21 UTC,20213,001,0601,True,1932.0,268.56,296.68,"(268.56,296.68)",283.4700414,5.296024,28.0478706,286.62,294.94,284.55,272.72,281.06
ECO2LSTE_001_SDS_LST_doy2022030050717_aid0001,SDS_LST,aid0001,2022-01-30 05:07:17 UTC,20233,016,0601,True,1964.0,278.36,283.38,"(278.36,283.38)",280.7970876,0.6993873,0.4891426,281.24,282.5,280.82,279.1,280.38
ECO2LSTE_001_SDS_LST_doy2022032201046_aid0001,SDS_LST,aid0001,2022-02-01 20:10:46 UTC,20274,001,0601,True,1948.0,278.88,300.5,"(278.88,300.5)",292.3727207,4.2217536,17.8232035,295.82,300.5,292.88,281.42,290.0
ECO2LSTE_001_SDS_LST_doy2022034033131_aid0001,SDS_LST,aid0001,2022-02-03 03:31:31 UTC,20294,015,0601,True,1954.0,281.1,285.04,"(281.1,285.04)",282.6940839,0.6480594,0.419981,283.08,284.32,282.64,281.1,282.24
ECO2LSTE_001_SDS_LST_doy2022035192301_aid0001,SDS_LST,aid0001,2022-02-04 19:23:01 UTC,20320,003,0601,True,1959.0,292.7,301.08,"(292.7,301.08)",297.4529658,1.0087933,1.0176638,298.12,299.84,297.66,294.92,296.84
ECO2LSTE_001_SDS_LST_doy2022036183449_aid0001,SDS_LST,aid0001,2022-02-05 18:34:49 UTC,20335,001,0601,True,1950.0,295.02,303.56,"(295.02,303.56)",299.2074872,1.1276389,1.2715694,299.98,301.9,299.44,296.28,298.5
ECO2LSTE_001_SDS_LST_doy2022039174724_aid0001,SDS_LST,aid0001,2022-02-08 17:47:24 UTC,20381,004,0601,True,1959.0,290.98,297.92,"(290.98,297.92)",294.1336498,0.8746569,0.7650247,294.74,296.36,294.28,291.94,293.62
ECO2LSTE_001_SDS_LST_doy2022043161126_aid0001,SDS_LST,aid0001,2022-02-12 16:11:26 UTC,20442,002,0601,True,1951.0,286.24,290.02,"(286.24,290.02)",288.1077601,0.5313224,0.2823035,288.48,289.52,288.12,286.7,287.76
ECO2LSTE_001_SDS_LST_doy2022045224401_aid0001,SDS_LST,aid0001,2022-02-14 22:44:01 UTC,20477,011,0601,True,1938.0,289.7,303.02,"(289.7,303.02)",298.7618163,2.2557068,5.088213,300.46,303.02,299.26,293.2,297.5
ECO2LSTE_001_SDS_LST_doy2022047143539_aid0001,SDS_LST,aid0001,2022-02-16 14:35:39 UTC,20503,001,0601,False,1951.0,276.3,279.22,"(276.3,279.22)",277.6643772,0.4935948,0.2436358,277.98,278.94,277.66,276.38,277.34
ECO2LSTE_001_SDS_LST_doy2022049210748_aid0001,SDS_LST,aid0001,2022-02-18 21:07:48 UTC,20538,012,0601,True,1954.0,299.76,310.1,"(299.76,310.1)",305.9037769,1.2284521,1.5090946,306.72,308.92,306.04,303.04,305.24
ECO2LSTE_001_SDS_LST_doy2022051125922_aid0001,SDS_LST,aid0001,2022-02-20 12:59:22 UTC,20564,003,0601,True,1945.0,279.26,283.1,"(279.26,283.1)",280.7540771,0.6329567,0.4006341,281.08,282.22,280.66,279.26,280.32
ECO2LSTE_001_SDS_LST_doy2022053193200_aid0001,SDS_LST,aid0001,2022-02-22 19:32:00 UTC,20599,008,0601,True,281.0,290.2,298.52,"(290.2,298.52)",295.6346619,1.6162815,2.6123658,296.86,298.52,295.92,292.34,294.88
ECO2LSTE_001_SDS_LST_doy2022056184357_aid0001,SDS_LST,aid0001,2022-02-25 18:43:57 UTC,20645,007,0601,True,1947.0,292.56,302.92,"(292.56,302.92)",298.917925,1.2907163,1.6659486,299.76,301.9,299.2,296.0,298.24
ECO2LSTE_001_SDS_LST_doy2022059094730_aid0001,SDS_LST,aid0001,2022-02-28 09:47:30 UTC,20686,001,0601,True,1931.0,278.64,284.66,"(278.64,284.66)",281.1116831,0.8994108,0.8089398,281.66,283.48,281.08,278.64,280.44
ECO2LSTE_001_SDS_LST_doy2022060170857_aid0001,SDS_LST,aid0001,2022-03-01 17:08:57 UTC,20706,012,0601,True,1955.0,292.9,301.7,"(292.9,301.7)",297.3914373,0.9692418,0.9394297,297.98,299.48,297.5,295.36,296.92
ECO2LSTE_001_SDS_LST_doy2022063081228_aid0001,SDS_LST,aid0001,2022-03-04 08:12:28 UTC,20747,003,0601,True,1939.0,235.06,240.08,"(235.06,240.08)",237.8713873,0.5609705,0.3146879,238.22,239.26,237.86,236.52,237.52
ECO2LSTE_001_SDS_LST_doy2022068135812_aid0001,SDS_LST,aid0001,2022-03-09 13:58:12 UTC,20828,011,0601,True,1961.0,277.24,282.72,"(277.24,282.72)",279.4624579,0.8269933,0.6839179,280.0,281.58,279.52,277.32,278.9
ECO2LSTE_001_SDS_LST_doy2022071050156_aid0001,SDS_LST,aid0001,2022-03-12 05:01:56 UTC,20869,003,0601,True,1928.0,282.5,287.2,"(282.5,287.2)",284.2353527,0.8025031,0.6440112,284.72,286.36,284.12,282.5,283.62
ECO2LSTE_001_SDS_LST_doy2022072122318_aid0001,SDS_LST,aid0001,2022-03-13 12:23:18 UTC,20889,014,0601,True,1939.0,279.74,283.98,"(279.74,283.98)",281.3217432,0.6427735,0.4131578,281.74,283.08,281.28,279.74,280.84
ECO2LSTE_001_SDS_LST_doy2022075032727_aid0001,SDS_LST,aid0001,2022-03-16 03:27:27 UTC,20930,003,0601,True,1955.0,259.56,287.88,"(259.56,287.88)",274.906087,8.1121302,65.8066566,281.89,287.88,274.82,259.56,268.08
ECO2LSTE_001_SDS_LST_doy2022076104842_aid0001,SDS_LST,aid0001,2022-03-17 10:48:42 UTC,20950,016,0601,True,1959.0,282.38,286.14,"(282.38,286.14)",284.1217356,0.573813,0.3292613,284.48,285.62,284.1,282.6,283.72
ECO2LSTE_001_SDS_LST_doy2022080091352_aid0001,SDS_LST,aid0001,2022-03-21 09:13:52 UTC,21011,014,0601,False,1966.0,282.22,285.26,"(282.22,285.26)",283.7750966,0.3526819,0.1243845,283.98,284.6,283.78,282.94,283.56
ECO2LSTE_001_SDS_LST_doy2022083001756_aid0001,SDS_LST,aid0001,2022-03-24 00:17:56 UTC,21053,003,0601,True,1649.0,300.2,305.6,"(300.2,305.6)",303.7078229,0.7909704,0.6256341,304.18,305.42,303.8,302.04,303.32
ECO2LSTE_001_SDS_LST_doy2022084073905_aid0001,SDS_LST,aid0001,2022-03-25 07:39:05 UTC,21073,017,0601,True,1961.0,280.34,284.84,"(280.34,284.84)",282.500153,0.8105851,0.6570482,283.04,284.66,282.48,280.34,281.92
ECO2LSTE_001_SDS_LST_doy2022086224254_aid0001,SDS_LST,aid0001,2022-03-27 22:42:54 UTC,21114,003,0601,True,1958.0,300.46,309.3,"(300.46,309.3)",305.371665,1.0004922,1.0009847,306.0,307.72,305.48,303.06,304.82
ECO2LSTE_001_SDS_LST_doy2022089215540_aid0001,SDS_LST,aid0001,2022-03-30 21:55:40 UTC,21160,005,0601,True,1936.0,279.8,296.6,"(279.8,296.6)",288.0941942,3.3477466,11.2074072,290.76,296.6,287.8,279.8,285.76
ECO2LSTE_001_SDS_LST_doy2022093201950_aid0001,SDS_LST,aid0001,2022-04-03 20:19:50 UTC,21221,001,0601,True,1950.0,276.0,290.06,"(276.0,290.06)",278.1290769,1.5669972,2.4554801,278.755,281.32,277.58,276.0,277.04
ECO2LSTE_001_SDS_LST_doy2022097184316_aid0001,SDS_LST,aid0001,2022-04-07 18:43:16 UTC,21282,003,0601,True,1959.0,310.98,322.1,"(310.98,322.1)",316.8669015,1.350104,1.8227808,317.76,320.22,317.16,313.64,316.11
ECO2LSTE_001_SDS_LST_doy2022099020335_aid0001,SDS_LST,aid0001,2022-04-09 02:03:35 UTC,21302,017,0601,True,1945.0,299.94,304.4,"(299.94,304.4)",301.8866427,0.670335,0.449349,302.34,303.68,301.88,300.06,301.42
ECO2LSTE_001_SDS_LST_doy2022101170644_aid0001,SDS_LST,aid0001,2022-04-11 17:06:44 UTC,21343,001,0601,True,1934.0,272.78,278.44,"(272.78,278.44)",274.7661634,0.9000556,0.8101002,275.415,277.44,274.64,272.78,274.06
ECO2LSTE_001_SDS_LST_doy2022103002734_aid0001,SDS_LST,aid0001,2022-04-13 00:27:34 UTC,21363,016,0601,True,1942.0,295.28,301.14,"(295.28,301.14)",298.8187642,0.7313617,0.5348899,299.28,300.66,298.78,296.94,298.34
ECO2LSTE_001_SDS_LST_doy2022105153001_aid0001,SDS_LST,aid0001,2022-04-15 15:30:01 UTC,21404,001,0601,True,1957.0,287.78,292.76,"(287.78,292.76)",290.48465,0.6871709,0.4722038,290.94,292.12,290.56,288.8,290.08
ECO2LSTE_001_SDS_LST_doy2022106224957_aid0001,SDS_LST,aid0001,2022-04-16 22:49:57 UTC,21424,011,0601,True,1942.0,275.12,298.74,"(275.12,298.74)",285.1749846,7.0420008,49.5897757,291.46,298.74,284.85,275.12,278.24
ECO2LSTE_001_SDS_LST_doy2022113121505_aid0001,SDS_LST,aid0001,2022-04-23 12:15:05 UTC,21526,003,0601,False,1944.0,275.6,286.04,"(275.6,286.04)",279.3945267,1.191531,1.4197462,279.96,281.32,279.48,277.42,278.94
ECO2LSTE_001_SDS_LST_doy2022114193614_aid0001,SDS_LST,aid0001,2022-04-24 19:36:14 UTC,21546,015,0601,True,1937.0,313.38,324.32,"(313.38,324.32)",319.4429427,1.539197,2.3691273,320.46,323.08,319.7,316.06,318.7
ECO2LSTE_001_SDS_LST_doy2022116112754_aid0001,SDS_LST,aid0001,2022-04-26 11:27:54 UTC,21573,003,0601,True,34.0,285.6,286.92,"(285.6,286.92)",286.5117647,0.3353003,0.1124263,286.8,286.92,286.52,285.82,286.4
ECO2LSTE_001_SDS_LST_doy2022117104001_aid0001,SDS_LST,aid0001,2022-04-27 10:40:01 UTC,21588,005,0601,True,1948.0,282.26,289.6,"(282.26,289.6)",285.2762526,0.8116081,0.6587077,285.8,287.4,285.24,283.1,284.715
ECO2LSTE_001_SDS_LST_doy2022120095150_aid0001,SDS_LST,aid0001,2022-04-30 09:51:50 UTC,21634,001,0601,True,1948.0,283.64,287.86,"(283.64,287.86)",285.1736858,0.5595592,0.3131065,285.48,286.5,285.14,283.82,284.795
ECO2LSTE_001_SDS_LST_doy2022122162419_aid0001,SDS_LST,aid0001,2022-05-02 16:24:19 UTC,21669,012,0601,True,1958.0,279.28,282.06,"(279.28,282.06)",280.2015628,0.3165548,0.100207,280.32,280.8,280.14,279.54,280.0
ECO2LSTE_001_SDS_LST_doy2022124081538_aid0001,SDS_LST,aid0001,2022-05-04 08:15:38 UTC,21694,001,0601,True,1945.0,283.34,289.42,"(283.34,289.42)",285.1053162,0.7352906,0.5406523,285.56,287.02,285.02,283.34,284.58
ECO2LSTE_001_SDS_LST_doy2022126144724_aid0001,SDS_LST,aid0001,2022-05-06 14:47:24 UTC,21729,012,0601,True,1952.0,287.1,290.62,"(287.1,290.62)",289.2402357,0.4850994,0.2353215,289.585,290.34,289.26,288.0,288.94
ECO2LSTE_001_SDS_LST_doy2022128063841_aid0001,SDS_LST,aid0001,2022-05-08 06:38:41 UTC,21755,005,0601,False,1712.0,283.18,289.06,"(283.18,289.06)",287.1797196,0.8383196,0.7027798,287.7,288.78,287.3,285.72,286.9
ECO2LSTE_001_SDS_LST_doy2022128063933_aid0001,SDS_LST,aid0001,2022-05-08 06:39:33 UTC,21755,006,0601,False,1804.0,282.96,292.76,"(282.96,292.76)",287.2102106,1.0374304,1.0762618,287.74,289.04,287.28,285.44,286.82
ECO2LSTE_001_SDS_LST_doy2022130131033_aid0001,SDS_LST,aid0001,2022-05-10 13:10:33 UTC,21791,011,0601,True,1959.0,279.2,285.44,"(279.2,285.44)",280.9613783,0.7693094,0.591837,281.42,282.92,280.82,279.2,280.4
ECO2LSTE_001_SDS_LST_doy2022133122240_aid0001,SDS_LST,aid0001,2022-05-13 12:22:40 UTC,21837,016,0601,False,1946.0,283.64,288.76,"(283.64,288.76)",285.6966906,0.8028621,0.6445876,286.24,287.88,285.66,283.64,285.12
ECO2LSTE_001_SDS_LST_doy2022136032546_aid0001,SDS_LST,aid0001,2022-05-16 03:25:46 UTC,21878,003,0601,False,1692.0,291.18,541.04,"(291.18,541.04)",302.4877423,27.9806429,782.9163762,293.38,294.8,292.8,291.18,292.42
ECO2LSTE_001_SDS_LST_doy2022137104700_aid0001,SDS_LST,aid0001,2022-05-17 10:47:00 UTC,21898,014,0601,False,1937.0,281.74,286.86,"(281.74,286.86)",283.3536293,0.64059,0.4103555,283.74,285.0,283.24,281.74,282.9
ECO2LSTE_001_SDS_LST_doy2022140015146_aid0001,SDS_LST,aid0001,2022-05-20 01:51:46 UTC,21939,002,0601,True,1965.0,282.44,284.76,"(282.44,284.76)",283.3333232,0.278332,0.0774687,283.52,284.08,283.34,282.6,283.14
ECO2LSTE_001_SDS_LST_doy2022141091202_aid0001,SDS_LST,aid0001,2022-05-21 09:12:02 UTC,21959,016,0601,False,1953.0,274.88,278.12,"(274.88,278.12)",276.0711623,0.4272753,0.1825642,276.26,276.94,276.04,275.12,275.8
ECO2LSTE_001_SDS_LST_doy2022144001551_aid0001,SDS_LST,aid0001,2022-05-24 00:15:51 UTC,22000,002,0601,True,1954.0,298.86,305.5,"(298.86,305.5)",302.6508905,0.9538906,0.9099072,303.32,305.12,302.74,300.3,302.1
ECO2LSTE_001_SDS_LST_doy2022147224006_aid0001,SDS_LST,aid0001,2022-05-27 22:40:06 UTC,22061,003,0601,True,59.0,291.72,293.16,"(291.72,293.16)",292.480678,0.2722901,0.0741419,292.72,293.16,292.46,291.72,292.3
ECO2LSTE_001_SDS_LST_doy2022147224058_aid0001,SDS_LST,aid0001,2022-05-27 22:40:58 UTC,22061,004,0601,True,1963.0,285.86,295.76,"(285.86,295.76)",291.1981457,2.0961206,4.3937217,292.84,295.76,291.74,285.86,289.74
ECO2LSTE_001_SDS_LST_doy2022149060059_aid0001,SDS_LST,aid0001,2022-05-29 06:00:59 UTC,22081,016,0601,True,1942.0,286.34,290.42,"(286.34,290.42)",287.7574665,0.4968094,0.2468195,288.06,289.02,287.74,286.48,287.42
ECO2LSTE_001_SDS_LST_doy2022151210503_aid0001,SDS_LST,aid0001,2022-05-31 21:05:03 UTC,22122,004,0601,True,1955.0,310.92,321.6,"(310.92,321.6)",317.5588031,1.5148243,2.2946926,318.58,321.1,317.88,313.94,316.72
ECO2LSTE_001_SDS_LST_doy2022153042500_aid0001,SDS_LST,aid0001,2022-06-02 04:25:00 UTC,22142,017,0601,True,1938.0,290.96,294.62,"(290.96,294.62)",292.4379773,0.5461864,0.2983195,292.78,293.84,292.38,291.0,292.06
ECO2LSTE_001_SDS_LST_doy2022154201624_aid0001,SDS_LST,aid0001,2022-06-03 20:16:24 UTC,22168,005,0601,True,717.0,310.66,317.96,"(310.66,317.96)",314.9532218,1.1902131,1.4166073,315.8,317.96,315.14,311.86,314.2
ECO2LSTE_001_SDS_LST_doy2022155192824_aid0001,SDS_LST,aid0001,2022-06-04 19:28:24 UTC,22183,004,0601,True,1954.0,280.56,286.48,"(280.56,286.48)",282.6779324,0.9612625,0.9240256,283.12,284.8,282.5,280.56,282.0
ECO2LSTE_001_SDS_LST_doy2022157024844_aid0001,SDS_LST,aid0001,2022-06-06 02:48:44 UTC,22203,018,0601,True,1962.0,293.9,298.14,"(293.9,298.14)",295.904159,0.5798023,0.3361707,296.3,297.48,295.88,294.3,295.5
ECO2LSTE_001_SDS_LST_doy2022161011220_aid0001,SDS_LST,aid0001,2022-06-10 01:12:20 UTC,22265,014,0601,True,1938.0,290.32,300.6,"(290.32,300.6)",295.5501445,2.0584441,4.2371922,297.52,300.6,295.3,290.32,293.92
ECO2LSTE_001_SDS_LST_doy2022162170328_aid0001,SDS_LST,aid0001,2022-06-11 17:03:28 UTC,22291,001,0601,True,1345.0,303.1,314.0,"(303.1,314.0)",309.9743048,1.3849953,1.918212,310.78,312.58,310.28,307.04,309.28
ECO2LSTE_001_SDS_LST_doy2022162170419_aid0001,SDS_LST,aid0001,2022-06-11 17:04:19 UTC,22291,002,0601,True,1950.0,306.42,314.5,"(306.42,314.5)",309.9470462,1.0794993,1.1653188,310.7,312.68,310.16,307.02,309.22
ECO2LSTE_001_SDS_LST_doy2022166152649_aid0001,SDS_LST,aid0001,2022-06-15 15:26:49 UTC,22352,001,0601,True,1955.0,285.76,287.28,"(285.76,287.28)",286.4134731,0.229244,0.0525528,286.56,287.0,286.4,285.82,286.26
ECO2LSTE_001_SDS_LST_doy2022168215911_aid0001,SDS_LST,aid0001,2022-06-17 21:59:11 UTC,22387,012,0601,True,1956.0,308.56,318.34,"(308.56,318.34)",313.3886708,1.301714,1.6944594,314.28,316.7,313.56,310.26,312.655
ECO2LSTE_001_SDS_LST_doy2022170135120_aid0001,SDS_LST,aid0001,2022-06-19 13:51:20 UTC,22413,004,0601,True,1933.0,287.5,291.78,"(287.5,291.78)",288.7505846,0.4730068,0.2237355,289.02,289.88,288.74,287.6,288.44
ECO2LSTE_001_SDS_LST_doy2022178103902_aid0001,SDS_LST,aid0001,2022-06-27 10:39:02 UTC,22535,003,0601,True,1929.0,288.98,293.16,"(288.98,293.16)",290.211156,0.5195911,0.2699749,290.52,291.54,290.16,288.98,289.84
ECO2LSTE_001_SDS_LST_doy2022179175940_aid0001,SDS_LST,aid0001,2022-06-28 17:59:40 UTC,22555,009,0601,True,1961.0,310.74,322.14,"(310.74,322.14)",317.6131158,1.293823,1.6739779,318.44,320.74,317.8,314.62,316.9
ECO2LSTE_001_SDS_LST_doy2022183162326_aid0001,SDS_LST,aid0001,2022-07-02 16:23:26 UTC,22616,012,0601,True,1934.0,299.42,309.76,"(299.42,309.76)",305.0867115,1.0467114,1.0956048,305.775,307.62,305.21,302.66,304.525
ECO2LSTE_001_SDS_LST_doy2022186072727_aid0001,SDS_LST,aid0001,2022-07-05 07:27:27 UTC,22657,002,0601,True,1939.0,289.2,293.74,"(289.2,293.74)",290.91541,0.6930542,0.4803241,291.32,292.64,290.84,289.2,290.44
ECO2LSTE_001_SDS_LST_doy2022187144719_aid0001,SDS_LST,aid0001,2022-07-06 14:47:19 UTC,22677,009,0601,True,1948.0,285.02,287.32,"(285.02,287.32)",285.6974538,0.218341,0.0476728,285.82,286.2,285.7,285.18,285.56
ECO2LSTE_001_SDS_LST_doy2022189063846_aid0001,SDS_LST,aid0001,2022-07-08 06:38:46 UTC,22703,005,0601,True,1657.0,285.92,291.96,"(285.92,291.96)",289.4997707,0.8897692,0.7916893,290.16,291.96,289.52,287.16,288.94
ECO2LSTE_001_SDS_LST_doy2022190055057_aid0001,SDS_LST,aid0001,2022-07-09 05:50:57 UTC,22718,004,0601,True,1956.0,290.7,294.64,"(290.7,294.64)",292.2448671,0.6494613,0.4218,292.66,293.96,292.16,290.7,291.78
ECO2LSTE_001_SDS_LST_doy2022191131105_aid0001,SDS_LST,aid0001,2022-07-10 13:11:05 UTC,22738,013,0601,True,1962.0,288.52,293.18,"(288.52,293.18)",289.8377574,0.4999309,0.249931,290.12,291.0,289.82,288.62,289.52
ECO2LSTE_001_SDS_LST_doy2022193050225_aid0001,SDS_LST,aid0001,2022-07-12 05:02:25 UTC,22765,002,0601,True,1928.0,289.92,294.58,"(289.92,294.58)",291.87389,0.5591508,0.3126496,292.22,293.26,291.9,290.48,291.52
ECO2LSTE_001_SDS_LST_doy2022197032545_aid0001,SDS_LST,aid0001,2022-07-16 03:25:45 UTC,22826,001,0601,True,1953.0,294.92,298.24,"(294.92,298.24)",296.4657143,0.5057763,0.2558096,296.8,297.78,296.44,295.14,296.12
ECO2LSTE_001_SDS_LST_doy2022202090953_aid0001,SDS_LST,aid0001,2022-07-21 09:09:53 UTC,22907,020,0601,True,1956.0,290.54,294.82,"(290.54,294.82)",292.0291922,0.5849573,0.342175,292.345,293.42,291.98,290.54,291.62
ECO2LSTE_001_SDS_LST_doy2022205001248_aid0001,SDS_LST,aid0001,2022-07-24 00:12:48 UTC,22948,004,0601,True,1952.0,306.0,311.98,"(306.0,311.98)",309.4556455,0.8664808,0.750789,310.02,311.62,309.46,307.36,308.92
ECO2LSTE_001_SDS_LST_doy2022208223530_aid0001,SDS_LST,aid0001,2022-07-27 22:35:30 UTC,23009,004,0601,True,1932.0,313.52,322.84,"(313.52,322.84)",318.8622878,1.2817353,1.6428455,319.72,321.92,318.98,315.74,318.1
ECO2LSTE_001_SDS_LST_doy2022210055502_aid0001,SDS_LST,aid0001,2022-07-29 05:55:02 UTC,23029,016,0601,True,1932.0,290.06,294.0,"(290.06,294.0)",292.1950621,0.5621578,0.3160214,292.56,293.64,292.18,290.74,291.82
ECO2LSTE_001_SDS_LST_doy2022212205805_aid0001,SDS_LST,aid0001,2022-07-31 20:58:05 UTC,23070,002,0601,True,1946.0,227.82,260.86,"(227.82,260.86)",247.7527544,2.8014062,7.8478766,249.22,253.2,247.9,242.56,246.52
ECO2LSTE_001_SDS_LST_doy2022214041728_aid0001,SDS_LST,aid0001,2022-08-02 04:17:28 UTC,23090,016,0601,True,1946.0,153.88,276.54,"(153.88,276.54)",251.6120761,13.431486,180.4048155,259.515,276.54,253.96,228.8,247.22
ECO2LSTE_001_SDS_LST_doy2022216192035_aid0001,SDS_LST,aid0001,2022-08-04 19:20:35 UTC,23131,004,0601,False,1935.0,256.92,313.76,"(256.92,313.76)",290.7064496,10.8000436,116.6409416,298.58,313.76,291.26,262.46,283.9
ECO2LSTE_001_SDS_LST_doy2022218023956_aid0001,SDS_LST,aid0001,2022-08-06 02:39:56 UTC,23151,016,0601,True,1964.0,296.52,301.04,"(296.52,301.04)",298.4027597,0.6122869,0.3748952,298.76,299.9,298.38,296.86,298.0
ECO2LSTE_001_SDS_LST_doy2022219183038_aid0001,SDS_LST,aid0001,2022-08-07 18:30:38 UTC,23177,005,0601,True,1965.0,312.84,325.88,"(312.84,325.88)",320.0109415,1.3275261,1.7623257,320.86,323.32,320.2,316.72,319.2
ECO2LSTE_001_SDS_LST_doy2022223165259_aid0001,SDS_LST,aid0001,2022-08-11 16:52:59 UTC,23239,005,0601,True,1932.0,304.62,315.16,"(304.62,315.16)",310.9170704,1.1682851,1.3648902,311.7,313.7,311.08,308.26,310.3
ECO2LSTE_001_SDS_LST_doy2022225232432_aid0001,SDS_LST,aid0001,2022-08-13 23:24:32 UTC,23274,012,0601,True,1950.0,311.7,320.04,"(311.7,320.04)",316.6144615,1.0825261,1.1718627,317.34,319.36,316.66,313.9,315.94
ECO2LSTE_001_SDS_LST_doy2022227151540_aid0001,SDS_LST,aid0001,2022-08-15 15:15:40 UTC,23300,002,0601,True,1957.0,295.54,300.18,"(295.54,300.18)",298.0721513,0.581237,0.3378364,298.44,299.48,298.1,296.64,297.72
ECO2LSTE_001_SDS_LST_doy2022228223616_aid0001,SDS_LST,aid0001,2022-08-16 22:36:16 UTC,23321,016,0601,True,1952.0,316.86,327.88,"(316.86,327.88)",322.7378996,1.5461075,2.3904483,323.88,326.94,322.76,318.5,321.66
ECO2LSTE_001_SDS_LST_doy2022231133851_aid0001,SDS_LST,aid0001,2022-08-19 13:38:51 UTC,23362,004,0601,True,1953.0,288.8,294.12,"(288.8,294.12)",290.152043,0.5771807,0.3331375,290.48,291.54,290.1,288.8,289.76
ECO2LSTE_001_SDS_LST_doy2022232205831_aid0001,SDS_LST,aid0001,2022-08-20 20:58:31 UTC,23382,015,0601,True,1946.0,315.26,325.22,"(315.26,325.22)",321.0220966,1.3531019,1.8308848,322.0,324.5,321.24,317.64,320.24
ECO2LSTE_001_SDS_LST_doy2022235120014_aid0001,SDS_LST,aid0001,2022-08-23 12:00:14 UTC,23423,003,0601,False,1940.0,288.3,291.62,"(288.3,291.62)",289.6108454,0.5137466,0.2639356,289.94,290.98,289.6,288.3,289.24
ECO2LSTE_001_SDS_LST_doy2022235120106_aid0001,SDS_LST,aid0001,2022-08-23 12:01:06 UTC,23423,004,0601,False,736.0,288.74,290.88,"(288.74,290.88)",289.5718478,0.3575199,0.1278205,289.8,290.46,289.58,288.74,289.34
ECO2LSTE_001_SDS_LST_doy2022236192024_aid0001,SDS_LST,aid0001,2022-08-24 19:20:24 UTC,23443,012,0601,True,1955.0,314.26,326.9,"(314.26,326.9)",320.6903836,1.4977906,2.2433768,321.74,324.38,320.94,317.04,319.84
ECO2LSTE_001_SDS_LST_doy2022239102358_aid0001,SDS_LST,aid0001,2022-08-27 10:23:58 UTC,23484,002,0601,True,1954.0,290.02,294.36,"(290.02,294.36)",291.2614637,0.5215614,0.2720263,291.52,292.42,291.2,290.02,290.92
ECO2LSTE_001_SDS_LST_doy2022240174342_aid0001,SDS_LST,aid0001,2022-08-28 17:43:42 UTC,23504,014,0601,True,1938.0,306.18,316.28,"(306.18,316.28)",312.3810836,1.2541458,1.5728816,313.26,315.6,312.6,309.32,311.68
ECO2LSTE_001_SDS_LST_doy2022242093456_aid0001,SDS_LST,aid0001,2022-08-30 09:34:56 UTC,23531,003,0601,True,1941.0,289.72,293.76,"(289.72,293.76)",290.9498918,0.4589712,0.2106545,291.22,292.06,290.9,289.86,290.64
ECO2LSTE_001_SDS_LST_doy2022243084659_aid0001,SDS_LST,aid0001,2022-08-31 08:46:59 UTC,23546,004,0601,True,1963.0,291.82,296.32,"(291.82,296.32)",293.7478655,0.7227702,0.5223968,294.16,295.56,293.68,291.82,293.22
ECO2LSTE_001_SDS_LST_doy2022244160703_aid0001,SDS_LST,aid0001,2022-09-01 16:07:03 UTC,23566,012,0601,True,1937.0,302.42,309.88,"(302.42,309.88)",306.5128136,0.8177476,0.6687112,307.04,308.46,306.64,304.64,306.08
ECO2LSTE_001_SDS_LST_doy2022246075821_aid0001,SDS_LST,aid0001,2022-09-03 07:58:21 UTC,23592,005,0601,True,1951.0,296.06,298.84,"(296.06,298.84)",297.5483854,0.4043954,0.1635356,297.84,298.68,297.56,296.46,297.26
ECO2LSTE_001_SDS_LST_doy2022248143003_aid0001,SDS_LST,aid0001,2022-09-05 14:30:03 UTC,23627,012,0601,True,1953.0,297.04,300.12,"(297.04,300.12)",298.8054583,0.3984999,0.1588022,299.06,299.8,298.82,297.76,298.54
ECO2LSTE_001_SDS_LST_doy2022250062112_aid0001,SDS_LST,aid0001,2022-09-07 06:21:12 UTC,23654,003,0601,True,1958.0,296.26,298.9,"(296.26,298.9)",297.51238,0.4333219,0.1877679,297.78,298.62,297.47,296.42,297.22
ECO2LSTE_001_SDS_LST_doy2022252125247_aid0001,SDS_LST,aid0001,2022-09-09 12:52:47 UTC,23689,011,0601,True,1965.0,296.4,299.74,"(296.4,299.74)",298.2585751,0.5569181,0.3101578,298.68,299.74,298.24,296.68,297.88
ECO2LSTE_001_SDS_LST_doy2022258030721_aid0001,SDS_LST,aid0001,2022-09-15 03:07:21 UTC,23776,002,0601,True,1944.0,293.14,296.78,"(293.14,296.78)",294.6700926,0.5504914,0.3030407,295.02,296.12,294.62,293.14,294.26
ECO2LSTE_001_SDS_LST_doy2022259102704_aid0001,SDS_LST,aid0001,2022-09-16 10:27:04 UTC,23796,017,0601,True,1934.0,288.76,293.78,"(288.76,293.78)",290.2774354,0.608904,0.3707641,290.62,291.74,290.24,288.76,289.84
ECO2LSTE_001_SDS_LST_doy2022262013000_aid0001,SDS_LST,aid0001,2022-09-19 01:30:00 UTC,23837,004,0601,True,1938.0,294.38,297.48,"(294.38,297.48)",295.5116305,0.4770627,0.2275888,295.78,296.68,295.46,294.38,295.18
ECO2LSTE_001_SDS_LST_doy2022272212427_aid0001,SDS_LST,aid0001,2022-09-29 21:24:27 UTC,24006,005,0601,True,1934.0,308.3,318.26,"(308.3,318.26)",313.1341365,1.2092119,1.4621933,313.935,316.22,313.28,310.1,312.4
ECO2LSTE_001_SDS_LST_doy2022275035556_aid0001,SDS_LST,aid0001,2022-10-02 03:55:56 UTC,24041,015,0601,True,1948.0,287.98,293.16,"(287.98,293.16)",290.8865914,0.7464237,0.5571483,291.34,292.44,290.98,289.5,290.6
ECO2LSTE_001_SDS_LST_doy2022276194750_aid0001,SDS_LST,aid0001,2022-10-03 19:47:50 UTC,24067,003,0601,True,1943.0,305.82,318.3,"(305.82,318.3)",312.9684406,1.4633737,2.1414625,313.99,316.54,313.18,309.38,312.14
ECO2LSTE_001_SDS_LST_doy2022279022054_aid0001,SDS_LST,aid0001,2022-10-06 02:20:54 UTC,24102,016,0601,True,1961.0,290.32,294.96,"(290.32,294.96)",292.7175319,0.8270745,0.6840522,293.34,294.96,292.88,290.54,292.2
ECO2LSTE_001_SDS_LST_doy2022280181158_aid0001,SDS_LST,aid0001,2022-10-07 18:11:58 UTC,24128,001,0601,True,1937.0,302.82,313.04,"(302.82,313.04)",308.4281982,1.2674679,1.6064749,309.32,311.48,308.66,305.32,307.7
ECO2LSTE_001_SDS_LST_doy2022284163545_aid0001,SDS_LST,aid0001,2022-10-11 16:35:45 UTC,24189,001,0601,True,1940.0,283.46,286.32,"(283.46,286.32)",284.6788247,0.3519171,0.1238456,284.84,285.4,284.64,283.92,284.46
ECO2LSTE_001_SDS_LST_doy2022285235552_aid0001,SDS_LST,aid0001,2022-10-12 23:55:52 UTC,24209,015,0601,True,1950.0,288.82,298.3,"(288.82,298.3)",292.9908308,1.9954674,3.9818901,294.54,298.3,292.76,288.82,291.38
ECO2LSTE_001_SDS_LST_doy2022292132313_aid0001,SDS_LST,aid0001,2022-10-19 13:23:13 UTC,24311,004,0601,True,1936.0,287.82,292.5,"(287.82,292.5)",289.4117562,0.6676344,0.4457358,289.84,291.16,289.36,287.82,288.915
ECO2LSTE_001_SDS_LST_doy2022296114714_aid0001,SDS_LST,aid0001,2022-10-23 11:47:14 UTC,24372,001,0601,True,1949.0,280.22,287.74,"(280.22,287.74)",284.6972807,1.4778901,2.184159,285.78,287.74,285.02,280.78,283.78
ECO2LSTE_001_SDS_LST_doy2022297190809_aid0001,SDS_LST,aid0001,2022-10-24 19:08:09 UTC,24392,014,0601,True,1934.0,299.94,310.38,"(299.94,310.38)",305.7653361,1.2324969,1.5190487,306.62,308.98,305.94,302.6,305.0
ECO2LSTE_001_SDS_LST_doy2022299110036_aid0001,SDS_LST,aid0001,2022-10-26 11:00:36 UTC,24418,002,0601,True,1048.0,281.98,286.88,"(281.98,286.88)",283.8424046,0.6473194,0.4190225,284.22,285.44,283.78,282.44,283.4
ECO2LSTE_001_SDS_LST_doy2022300101250_aid0001,SDS_LST,aid0001,2022-10-27 10:12:50 UTC,24433,004,0601,True,1948.0,281.84,287.2,"(281.84,287.2)",284.0642813,0.995044,0.9901125,284.72,286.7,283.92,281.84,283.34
ECO2LSTE_001_SDS_LST_doy2022303092522_aid0001,SDS_LST,aid0001,2022-10-30 09:25:22 UTC,24479,001,0601,True,1955.0,282.78,287.34,"(282.78,287.34)",284.6098005,0.6815677,0.4645345,285.0,286.28,284.56,282.96,284.14
ECO2LSTE_001_SDS_LST_doy2022304083716_aid0001,SDS_LST,aid0001,2022-10-31 08:37:16 UTC,24494,003,0601,True,1740.0,283.92,289.54,"(283.92,289.54)",286.0027586,1.1003835,1.2108439,286.54,288.48,285.8,283.92,285.24
ECO2LSTE_001_SDS_LST_doy2022304083808_aid0001,SDS_LST,aid0001,2022-10-31 08:38:08 UTC,24494,004,0601,True,1957.0,283.72,288.98,"(283.72,288.98)",285.6333061,0.953301,0.9087828,286.22,288.14,285.56,283.72,284.92
ECO2LSTE_001_SDS_LST_doy2022305155815_aid0001,SDS_LST,aid0001,2022-11-01 15:58:15 UTC,24514,012,0601,True,1958.0,218.02,267.0,"(218.02,267.0)",241.2352809,10.581609,111.970448,249.7,267.0,240.94,218.02,232.815
ECO2LSTE_001_SDS_LST_doy2022307074954_aid0001,SDS_LST,aid0001,2022-11-03 07:49:54 UTC,24540,005,0601,True,1944.0,280.72,284.76,"(280.72,284.76)",282.1923251,0.4473824,0.200151,282.42,283.2,282.14,281.16,281.9
ECO2LSTE_001_SDS_LST_doy2022309142226_aid0001,SDS_LST,aid0001,2022-11-05 14:22:26 UTC,24575,012,0601,True,1934.0,278.2,283.44,"(278.2,283.44)",279.8367528,0.713589,0.5092093,280.34,281.9,279.8,278.2,279.3
ECO2LSTE_001_SDS_LST_doy2022311061448_aid0001,SDS_LST,aid0001,2022-11-07 06:14:48 UTC,24601,002,0601,True,1930.0,283.48,286.88,"(283.48,286.88)",284.4819378,0.5043613,0.2543803,284.8,285.82,284.4,283.48,284.1
ECO2LSTE_001_SDS_LST_doy2022313124602_aid0001,SDS_LST,aid0001,2022-11-09 12:46:02 UTC,24636,014,0601,True,1963.0,266.28,277.26,"(266.28,277.26)",273.304381,2.4328022,5.9185267,275.26,277.26,273.78,267.22,272.04
ECO2LSTE_001_SDS_LST_doy2022315043743_aid0001,SDS_LST,aid0001,2022-11-11 04:37:43 UTC,24662,001,0601,True,1939.0,280.5,285.24,"(280.5,285.24)",282.0110882,0.6875162,0.4726785,282.42,283.74,281.94,280.5,281.52
ECO2LSTE_001_SDS_LST_doy2022316115756_aid0001,SDS_LST,aid0001,2022-11-12 11:57:56 UTC,24682,012,0601,True,1946.0,277.34,284.62,"(277.34,284.62)",280.1411716,0.9083859,0.8251649,280.68,282.34,280.16,277.88,279.56
ECO2LSTE_001_SDS_LST_doy2022317111011_aid0001,SDS_LST,aid0001,2022-11-13 11:10:11 UTC,24697,013,0601,True,1939.0,278.42,283.1,"(278.42,283.1)",280.0268592,0.7752075,0.6009467,280.53,282.16,280.02,278.42,279.42
ECO2LSTE_001_SDS_LST_doy2022319030106_aid0001,SDS_LST,aid0001,2022-11-15 03:01:06 UTC,24723,004,0601,True,1953.0,282.18,285.84,"(282.18,285.84)",283.6113466,0.5963118,0.3555878,283.94,285.04,283.56,282.18,283.2
ECO2LSTE_001_SDS_LST_doy2022320102151_aid0001,SDS_LST,aid0001,2022-11-16 10:21:51 UTC,24743,017,0601,True,1939.0,278.7,285.64,"(278.7,285.64)",281.2886849,1.348776,1.8191968,281.92,284.32,280.98,278.7,280.32
ECO2LSTE_001_SDS_LST_doy2022323012456_aid0001,SDS_LST,aid0001,2022-11-19 01:24:56 UTC,24784,004,0601,True,1939.0,284.74,288.94,"(284.74,288.94)",286.3546674,0.5982228,0.3578705,286.72,287.9,286.28,284.74,285.92
ECO2LSTE_001_SDS_LST_doy2022324084426_aid0001,SDS_LST,aid0001,2022-11-20 08:44:26 UTC,24804,017,0601,True,1929.0,278.0,284.88,"(278.0,284.88)",280.8968377,0.9935294,0.9871006,281.46,283.26,280.9,278.54,280.26
ECO2LSTE_001_SDS_LST_doy2022326234736_aid0001,SDS_LST,aid0001,2022-11-22 23:47:36 UTC,24845,004,0601,True,1950.0,289.84,294.8,"(289.84,294.8)",292.1927487,0.7157201,0.5122553,292.675,294.12,292.2,290.38,291.7
ECO2LSTE_001_SDS_LST_doy2022330221012_aid0001,SDS_LST,aid0001,2022-11-26 22:10:12 UTC,24906,002,0601,True,1936.0,296.02,301.26,"(296.02,301.26)",298.5440393,0.8263871,0.6829157,299.12,300.8,298.54,296.32,297.98
ECO2LSTE_001_SDS_LST_doy2022333212012_aid0001,SDS_LST,aid0001,2022-11-29 21:20:12 UTC,24952,003,0601,True,1958.0,280.44,299.68,"(280.44,299.68)",295.7282022,3.4858894,12.1514247,297.855,299.68,296.82,291.1,295.14
ECO2LSTE_001_SDS_LST_doy2022334203230_aid0001,SDS_LST,aid0001,2022-11-30 20:32:30 UTC,24967,002,0601,True,4.0,290.92,292.14,"(290.92,292.14)",291.43,0.4879549,0.2381,291.75,292.14,291.33,290.92,291.01
ECO2LSTE_001_SDS_LST_doy2022336035231_aid0001,SDS_LST,aid0001,2022-12-02 03:52:31 UTC,24987,015,0601,True,1947.0,261.58,270.4,"(261.58,270.4)",268.6533128,1.193518,1.4244851,269.24,270.4,268.88,267.14,268.4
ECO2LSTE_001_SDS_LST_doy2022337194454_aid0001,SDS_LST,aid0001,2022-12-03 19:44:54 UTC,25013,002,0601,True,1950.0,292.6,300.42,"(292.6,300.42)",297.6723179,1.0088803,1.0178394,298.395,300.26,297.81,295.16,297.1
ECO2LSTE_001_SDS_LST_doy2022340021635_aid0001,SDS_LST,aid0001,2022-12-06 02:16:35 UTC,25048,015,0601,True,1958.0,281.68,285.54,"(281.68,285.54)",283.3764862,0.5832801,0.3402156,283.76,284.9,283.36,281.88,283.0
ECO2LSTE_001_SDS_LST_doy2022341180856_aid0001,SDS_LST,aid0001,2022-12-07 18:08:56 UTC,25074,002,0601,True,1962.0,284.96,292.5,"(284.96,292.5)",289.1927931,1.5048066,2.2644429,290.46,292.5,289.32,284.96,288.16
ECO2LSTE_001_SDS_LST_doy2022345163212_aid0001,SDS_LST,aid0001,2022-12-11 16:32:12 UTC,25135,001,0601,True,1962.0,255.98,265.96,"(255.98,265.96)",261.2396636,2.0088851,4.0356193,262.715,265.96,261.12,255.98,259.7
ECO2LSTE_001_SDS_LST_doy2022350221631_aid0001,SDS_LST,aid0001,2022-12-16 22:16:31 UTC,25216,016,0601,True,1944.0,260.66,279.28,"(260.66,279.28)",271.5996605,4.2496963,18.059919,274.845,279.28,272.16,260.66,268.34
ECO2LSTE_001_SDS_LST_doy2022353131854_aid0001,SDS_LST,aid0001,2022-12-19 13:18:54 UTC,25257,003,0601,True,1932.0,274.02,279.52,"(274.02,279.52)",276.1622464,0.9276746,0.8605803,276.74,278.56,276.08,274.02,275.48
ECO2LSTE_001_SDS_LST_doy2022354203923_aid0001,SDS_LST,aid0001,2022-12-20 20:39:23 UTC,25277,014,0601,True,1962.0,293.0,301.5,"(293.0,301.5)",297.9139959,1.1036603,1.2180661,298.68,300.7,298.1,295.14,297.26
ECO2LSTE_001_SDS_LST_doy2022357114317_aid0001,SDS_LST,aid0001,2022-12-23 11:43:17 UTC,25318,005,0601,True,1935.0,277.7,282.48,"(277.7,282.48)",279.7167545,0.766046,0.5868265,280.18,281.64,279.66,277.7,279.16
ECO2LSTE_001_SDS_LST_doy2022361100751_aid0001,SDS_LST,aid0001,2022-12-27 10:07:51 UTC,25379,004,0601,True,1935.0,239.6,256.2,"(239.6,256.2)",246.3541499,2.6102665,6.8134909,247.9,252.9,246.26,239.6,244.55
ECO2LSTE_001_SDS_LST_doy2022365083156_aid0001,SDS_LST,aid0001,2022-12-31 08:31:56 UTC,25440,001,0601,True,1950.0,275.6,279.24,"(275.6,279.24)",276.9582256,0.6118853,0.3744036,277.32,278.54,276.92,275.6,276.5
